"Data Source","Indicadores del desarrollo mundial",

"Last Updated Date","2022-06-30",

"Country Name","Country Code","Indicator Name","Indicator Code","1960","1961","1962","1963","1964","1965","1966","1967","1968","1969","1970","1971","1972","1973","1974","1975","1976","1977","1978","1979","1980","1981","1982","1983","1984","1985","1986","1987","1988","1989","1990","1991","1992","1993","1994","1995","1996","1997","1998","1999","2000","2001","2002","2003","2004","2005","2006","2007","2008","2009","2010","2011","2012","2013","2014","2015","2016","2017","2018","2019","2020","2021",
"Aruba","ABW","Demora en obtener una conexión eléctrica (días)","IC.ELC.DURS","","","","","","","","","","","","","","","","","","","","","","","","","","","","","","","","","","","","","","","","","","","","","","","","","","","","","","","","","","","","","","",
"","AFE","Demora en obtener una conexión eléctrica (días)","IC.ELC.DURS","","","","","","","","","","","","","","","","","","","","","","","","","","","","","","","","","","","","","","","","","","","","","","","","","","","","","","","","","","","","","36.8611111111111","",
"Afganistán","AFG","Demora en obtener una conexión eléctrica (días)","IC.ELC.DURS","","","","","","","","","","","","","","","","","","","","","","","","","","","","","","","","","","","","","","","","","","","","","","","","","45.8","","","","","","111.3","","","","","","","",
"","AFW","Demora en obtener una conexión eléctrica (días)","IC.ELC.DURS","","","","","","","","","","","","","","","","","","","","","","","","","","","","","","","","","","","","","","","","","","","","","","","","","","","","","","","","","","","","","38.5176470588235","",
"Angola","AGO","Demora en obtener una conexión eléctrica (días)","IC.ELC.DURS","","","","","","","","","","","","","","","","","","","","","","","","","","","","","","","","","","","","","","","","","","","","","","","60.2","","","","7.7","","","","","","","","","","","",
"Albania","ALB","Demora en obtener una conexión eléctrica (días)","IC.ELC.DURS","","","","","","","","","","","","","","","","","","","","","","","","","","","","","","","","","","","","","","","","","","","","","","25.5","","41.7","","","","","","10.2","","","","","","18.6","","",
"Andorra","AND","Demora en obtener una conexión eléctrica (días)","IC.ELC.DURS","","","","","","","","","","","","","","","","","","","","","","","","","","","","","","","","","","","","","","","","","","","","","","","","","","","","","","","","","","","","","","",
"El mundo árabe","ARB","Demora en obtener una conexión eléctrica (días)","IC.ELC.DURS","","","","","","","","","","","","","","","","","","","","","","","","","","","","","","","","","","","","","","","","","","","","","","","","","","","","","","","","","","","","","64.7444444444445","",
"Emiratos Árabes Unidos","ARE","Demora en obtener una conexión eléctrica (días)","IC.ELC.DURS","","","","","","","","","","","","","","","","","","","","","","","","","","","","","","","","","","","","","","","","","","","","","","","","","","","","","","","","","","","","","","",
"Argentina","ARG","Demora en obtener una conexión eléctrica (días)","IC.ELC.DURS","","","","","","","","","","","","","","","","","","","","","","","","","","","","","","","","","","","","","","","","","","","","","","","46.2","","","","54.2","","","","","","","53.5","","","","",
"Armenia","ARM","Demora en obtener una conexión eléctrica (días)","IC.ELC.DURS","","","","","","","","","","","","","","","","","","","","","","","","","","","","","","","","","","","","","","","","","","","2.4","","","2.5","","","","16.3","","","","5.9","","","","","","","6.5","",
"Samoa Americana","ASM","Demora en obtener una conexión eléctrica (días)","IC.ELC.DURS","","","","","","","","","","","","","","","","","","","","","","","","","","","","","","","","","","","","","","","","","","","","","","","","","","","","","","","","","","","","","","",
"Antigua y Barbuda","ATG","Demora en obtener una conexión eléctrica (días)","IC.ELC.DURS","","","","","","","","","","","","","","","","","","","","","","","","","","","","","","","","","","","","","","","","","","","","","","","","","","","6.7","","","","","","","","","","","",
"Australia","AUS","Demora en obtener una conexión eléctrica (días)","IC.ELC.DURS","","","","","","","","","","","","","","","","","","","","","","","","","","","","","","","","","","","","","","","","","","","","","","","","","","","","","","","","","","","","","","",
"Austria","AUT","Demora en obtener una conexión eléctrica (días)","IC.ELC.DURS","","","","","","","","","","","","","","","","","","","","","","","","","","","","","","","","","","","","","","","","","","","","","","","","","","","","","","","","","","","","","","",
"Azerbaiyán","AZE","Demora en obtener una conexión eléctrica (días)","IC.ELC.DURS","","","","","","","","","","","","","","","","","","","","","","","","","","","","","","","","","","","","","","","","","","","7.3","","","2","","","","9.7","","","","3.6","","","","","","4.6","","",
"Burundi","BDI","Demora en obtener una conexión eléctrica (días)","IC.ELC.DURS","","","","","","","","","","","","","","","","","","","","","","","","","","","","","","","","","","","","","","","","","","","","","","","24.1","","","","","","","","25.3","","","","","","","",
"Bélgica","BEL","Demora en obtener una conexión eléctrica (días)","IC.ELC.DURS","","","","","","","","","","","","","","","","","","","","","","","","","","","","","","","","","","","","","","","","","","","","","","","","","","","","","","","","","","","","","76.6","",
"Benin","BEN","Demora en obtener una conexión eléctrica (días)","IC.ELC.DURS","","","","","","","","","","","","","","","","","","","","","","","","","","","","","","","","","","","","","","","","","","","","","","","","","","86.6","","","","","","","193.2","","","","","",
"Burkina Faso","BFA","Demora en obtener una conexión eléctrica (días)","IC.ELC.DURS","","","","","","","","","","","","","","","","","","","","","","","","","","","","","","","","","","","","","","","","","","","","","","","19.6","","","23.1","","","","","","","","","","","","",
"Bangladesh","BGD","Demora en obtener una conexión eléctrica (días)","IC.ELC.DURS","","","","","","","","","","","","","","","","","","","","","","","","","","","","","","","","","","","","","","","","","","","","","","","","50.3","","","","","","84.7","","","","","","","","",
"Bulgaria","BGR","Demora en obtener una conexión eléctrica (días)","IC.ELC.DURS","","","","","","","","","","","","","","","","","","","","","","","","","","","","","","","","","","","","","","","","","","","","","23.8","22.1","","85.6","","44.7","","","","49.5","","","","","","24.8","","",
"Bahrein","BHR","Demora en obtener una conexión eléctrica (días)","IC.ELC.DURS","","","","","","","","","","","","","","","","","","","","","","","","","","","","","","","","","","","","","","","","","","","","","","","","","","","","","","","","","","","","","","",
"Bahamas","BHS","Demora en obtener una conexión eléctrica (días)","IC.ELC.DURS","","","","","","","","","","","","","","","","","","","","","","","","","","","","","","","","","","","","","","","","","","","","","","","","","","","14.7","","","","","","","","","","","",
"Bosnia y Herzegovina","BIH","Demora en obtener una conexión eléctrica (días)","IC.ELC.DURS","","","","","","","","","","","","","","","","","","","","","","","","","","","","","","","","","","","","","","","","","","","4.3","","","6.8","","","","50.2","","","","46.8","","","","","","73.6","","",
"Belarús","BLR","Demora en obtener una conexión eléctrica (días)","IC.ELC.DURS","","","","","","","","","","","","","","","","","","","","","","","","","","","","","","","","","","","","","","","","","","","15.5","","","15.3","","","15.2","","","","","21.2","","","","","21.4","","","",
"Belice","BLZ","Demora en obtener una conexión eléctrica (días)","IC.ELC.DURS","","","","","","","","","","","","","","","","","","","","","","","","","","","","","","","","","","","","","","","","","","","","","","","","","","","6.1","","","","","","","","","","","",
"Bermudas","BMU","Demora en obtener una conexión eléctrica (días)","IC.ELC.DURS","","","","","","","","","","","","","","","","","","","","","","","","","","","","","","","","","","","","","","","","","","","","","","","","","","","","","","","","","","","","","","",
"Bolivia","BOL","Demora en obtener una conexión eléctrica (días)","IC.ELC.DURS","","","","","","","","","","","","","","","","","","","","","","","","","","","","","","","","","","","","","","","","","","","","","","","15.2","","","","21.2","","","","","","","30","","","","",
"Brasil","BRA","Demora en obtener una conexión eléctrica (días)","IC.ELC.DURS","","","","","","","","","","","","","","","","","","","","","","","","","","","","","","","","","","","","","","","","","","","","","","","","","","27.7","","","","","","","","","","","","",
"Barbados","BRB","Demora en obtener una conexión eléctrica (días)","IC.ELC.DURS","","","","","","","","","","","","","","","","","","","","","","","","","","","","","","","","","","","","","","","","","","","","","","","","","","","24.7","","","","","","","","","","","",
"Brunei Darussalam","BRN","Demora en obtener una conexión eléctrica (días)","IC.ELC.DURS","","","","","","","","","","","","","","","","","","","","","","","","","","","","","","","","","","","","","","","","","","","","","","","","","","","","","","","","","","","","","","",
"Bhután","BTN","Demora en obtener una conexión eléctrica (días)","IC.ELC.DURS","","","","","","","","","","","","","","","","","","","","","","","","","","","","","","","","","","","","","","","","","","","","","","","","","","14.7","","","","","","21.3","","","","","","",
"Botswana","BWA","Demora en obtener una conexión eléctrica (días)","IC.ELC.DURS","","","","","","","","","","","","","","","","","","","","","","","","","","","","","","","","","","","","","","","","","","","","","","","25.5","","","","39.2","","","","","","","","","","","",
"República Centroafricana","CAF","Demora en obtener una conexión eléctrica (días)","IC.ELC.DURS","","","","","","","","","","","","","","","","","","","","","","","","","","","","","","","","","","","","","","","","","","","","","","","","","","","","11.8","","","","","","","","","","",
"Canadá","CAN","Demora en obtener una conexión eléctrica (días)","IC.ELC.DURS","","","","","","","","","","","","","","","","","","","","","","","","","","","","","","","","","","","","","","","","","","","","","","","","","","","","","","","","","","","","","","",
"Europa Central y del Báltico","CEB","Demora en obtener una conexión eléctrica (días)","IC.ELC.DURS","","","","","","","","","","","","","","","","","","","","","","","","","","","","","","","","","","","","","","","","","","","","","","","","","","","","","","","","","","","","","59.4","",
"Suiza","CHE","Demora en obtener una conexión eléctrica (días)","IC.ELC.DURS","","","","","","","","","","","","","","","","","","","","","","","","","","","","","","","","","","","","","","","","","","","","","","","","","","","","","","","","","","","","","","",
"Islas del Canal","CHI","Demora en obtener una conexión eléctrica (días)","IC.ELC.DURS","","","","","","","","","","","","","","","","","","","","","","","","","","","","","","","","","","","","","","","","","","","","","","","","","","","","","","","","","","","","","","",
"Chile","CHL","Demora en obtener una conexión eléctrica (días)","IC.ELC.DURS","","","","","","","","","","","","","","","","","","","","","","","","","","","","","","","","","","","","","","","","","","","","","","","22.9","","","","21.1","","","","","","","","","","","",
"China","CHN","Demora en obtener una conexión eléctrica (días)","IC.ELC.DURS","","","","","","","","","","","","","","","","","","","","","","","","","","","","","","","","","","","","","","","","","","","","","","","","","","","","","6.9","","","","","","","","","",
"Côte d'Ivoire","CIV","Demora en obtener una conexión eléctrica (días)","IC.ELC.DURS","","","","","","","","","","","","","","","","","","","","","","","","","","","","","","","","","","","","","","","","","","","","","","","","","","20.9","","","","","","","39.8","","","","","",
"Camerún","CMR","Demora en obtener una conexión eléctrica (días)","IC.ELC.DURS","","","","","","","","","","","","","","","","","","","","","","","","","","","","","","","","","","","","","","","","","","","","","","","78.9","","","17.6","","","","","","","16.2","","","","","",
"Congo, República Democrática del","COD","Demora en obtener una conexión eléctrica (días)","IC.ELC.DURS","","","","","","","","","","","","","","","","","","","","","","","","","","","","","","","","","","","","","","","","","","","","","","","20.5","","","","48","","","16","","","","","","","","",
"Congo, República del","COG","Demora en obtener una conexión eléctrica (días)","IC.ELC.DURS","","","","","","","","","","","","","","","","","","","","","","","","","","","","","","","","","","","","","","","","","","","","","","","","","","8.5","","","","","","","","","","","","",
"Colombia","COL","Demora en obtener una conexión eléctrica (días)","IC.ELC.DURS","","","","","","","","","","","","","","","","","","","","","","","","","","","","","","","","","","","","","","","","","","","","","","","26.4","","","","20.8","","","","","","","59.6","","","","",
"Comoras","COM","Demora en obtener una conexión eléctrica (días)","IC.ELC.DURS","","","","","","","","","","","","","","","","","","","","","","","","","","","","","","","","","","","","","","","","","","","","","","","","","","","","","","","","","","","","","","",
"Cabo Verde","CPV","Demora en obtener una conexión eléctrica (días)","IC.ELC.DURS","","","","","","","","","","","","","","","","","","","","","","","","","","","","","","","","","","","","","","","","","","","","","","","7.8","","","30.5","","","","","","","","","","","","",
"Costa Rica","CRI","Demora en obtener una conexión eléctrica (días)","IC.ELC.DURS","","","","","","","","","","","","","","","","","","","","","","","","","","","","","","","","","","","","","","","","","","","","","","48.6","","","","","39","","","","","","","","","","","",
"Estados pequeos del Caribe","CSS","Demora en obtener una conexión eléctrica (días)","IC.ELC.DURS","","","","","","","","","","","","","","","","","","","","","","","","","","","","","","","","","","","","","","","","","","","","","","","","","","","","","","","","","","","","","262.3","",
"Cuba","CUB","Demora en obtener una conexión eléctrica (días)","IC.ELC.DURS","","","","","","","","","","","","","","","","","","","","","","","","","","","","","","","","","","","","","","","","","","","","","","","","","","","","","","","","","","","","","","",
"Curacao","CUW","Demora en obtener una conexión eléctrica (días)","IC.ELC.DURS","","","","","","","","","","","","","","","","","","","","","","","","","","","","","","","","","","","","","","","","","","","","","","","","","","","","","","","","","","","","","","",
"Islas Caimán","CYM","Demora en obtener una conexión eléctrica (días)","IC.ELC.DURS","","","","","","","","","","","","","","","","","","","","","","","","","","","","","","","","","","","","","","","","","","","","","","","","","","","","","","","","","","","","","","",
"Chipre","CYP","Demora en obtener una conexión eléctrica (días)","IC.ELC.DURS","","","","","","","","","","","","","","","","","","","","","","","","","","","","","","","","","","","","","","","","","","","","","","","","","","","","","","","","","","","","58","","",
"República Checa","CZE","Demora en obtener una conexión eléctrica (días)","IC.ELC.DURS","","","","","","","","","","","","","","","","","","","","","","","","","","","","","","","","","","","","","","","","","","","","","","15.4","","","","50.2","","","","51.9","","","","","","151.5","","",
"Alemania","DEU","Demora en obtener una conexión eléctrica (días)","IC.ELC.DURS","","","","","","","","","","","","","","","","","","","","","","","","","","","","","","","","","","","","","","","","","","","","","","3.2","","","","","","","","","","","","","","","","",
"Djibouti","DJI","Demora en obtener una conexión eléctrica (días)","IC.ELC.DURS","","","","","","","","","","","","","","","","","","","","","","","","","","","","","","","","","","","","","","","","","","","","","","","","","","","","","","34.1","","","","","","","","",
"Dominica","DMA","Demora en obtener una conexión eléctrica (días)","IC.ELC.DURS","","","","","","","","","","","","","","","","","","","","","","","","","","","","","","","","","","","","","","","","","","","","","","","","","","","5.6","","","","","","","","","","","",
"Dinamarca","DNK","Demora en obtener una conexión eléctrica (días)","IC.ELC.DURS","","","","","","","","","","","","","","","","","","","","","","","","","","","","","","","","","","","","","","","","","","","","","","","","","","","","","","","","","","","","","35.3","",
"República Dominicana","DOM","Demora en obtener una conexión eléctrica (días)","IC.ELC.DURS","","","","","","","","","","","","","","","","","","","","","","","","","","","","","","","","","","","","","","","","","","","","","","","","","","","24.1","","","","","","16.7","","","","","",
"Argelia","DZA","Demora en obtener una conexión eléctrica (días)","IC.ELC.DURS","","","","","","","","","","","","","","","","","","","","","","","","","","","","","","","","","","","","","","","","","","","","","","","","49.1","","","","","","","","","","","","","","",
"Asia oriental y el Pacífico (excluido altos ingresos)","EAP","Demora en obtener una conexión eléctrica (días)","IC.ELC.DURS","","","","","","","","","","","","","","","","","","","","","","","","","","","","","","","","","","","","","","","","","","","","","","","","","","","","","","","","","","","","","16.4416666666667","",
"inicial del dividendo demográfico","EAR","Demora en obtener una conexión eléctrica (días)","IC.ELC.DURS","","","","","","","","","","","","","","","","","","","","","","","","","","","","","","","","","","","","","","","","","","","","","","","","","","","","","","","","","","","","","40.6897435897436","",
"Asia oriental y el Pacífico","EAS","Demora en obtener una conexión eléctrica (días)","IC.ELC.DURS","","","","","","","","","","","","","","","","","","","","","","","","","","","","","","","","","","","","","","","","","","","","","","","","","","","","","","","","","","","","","16.4416666666667","",
"Europa y Asia central (excluido altos ingresos)","ECA","Demora en obtener una conexión eléctrica (días)","IC.ELC.DURS","","","","","","","","","","","","","","","","","","","","","","","","","","","","","","","","","","","","","","","","","","","","","","","","","","","","","","","","","","","","","31.6736842105263","",
"Europa y Asia central","ECS","Demora en obtener una conexión eléctrica (días)","IC.ELC.DURS","","","","","","","","","","","","","","","","","","","","","","","","","","","","","","","","","","","","","","","","","","","","","","","","","","","","","","","","","","","","","39.5121951219512","",
"Ecuador","ECU","Demora en obtener una conexión eléctrica (días)","IC.ELC.DURS","","","","","","","","","","","","","","","","","","","","","","","","","","","","","","","","","","","","","","","","","","","","","","","23.3","","","","10.7","","","","","","","18.1","","","","",
"Egipto, República Árabe de","EGY","Demora en obtener una conexión eléctrica (días)","IC.ELC.DURS","","","","","","","","","","","","","","","","","","","","","","","","","","","","","","","","","","","","","","","","","","","","","","","","133.9","77.2","","","","","75.7","","","76.9","","","","","",
"Zona del Euro","EMU","Demora en obtener una conexión eléctrica (días)","IC.ELC.DURS","","","","","","","","","","","","","","","","","","","","","","","","","","","","","","","","","","","","","","","","","","","","","","","","","","","","","","","","","","","","","41.975","",
"Eritrea","ERI","Demora en obtener una conexión eléctrica (días)","IC.ELC.DURS","","","","","","","","","","","","","","","","","","","","","","","","","","","","","","","","","","","","","","","","","","","","","","","","","","","","","","","","","","","","","","",
"España","ESP","Demora en obtener una conexión eléctrica (días)","IC.ELC.DURS","","","","","","","","","","","","","","","","","","","","","","","","","","","","","","","","","","","","","","","","","","","","","","9.3","","","","","","","","","","","","","","","","",
"Estonia","EST","Demora en obtener una conexión eléctrica (días)","IC.ELC.DURS","","","","","","","","","","","","","","","","","","","","","","","","","","","","","","","","","","","","","","","","","","","3.2","","","7.2","","","","207.2","","","","29.9","","","","","","91.1","","",
"Etiopía","ETH","Demora en obtener una conexión eléctrica (días)","IC.ELC.DURS","","","","","","","","","","","","","","","","","","","","","","","","","","","","","","","","","","","","","","","","","","","","","","","44.2","","","","","111.8","","","","194.3","","","","","","",
"Unión Europea","EUU","Demora en obtener una conexión eléctrica (días)","IC.ELC.DURS","","","","","","","","","","","","","","","","","","","","","","","","","","","","","","","","","","","","","","","","","","","","","","","","","","","","","","","","","","","","","46.7875","",
"Frágiles y situaciones de conflicto afectados","FCS","Demora en obtener una conexión eléctrica (días)","IC.ELC.DURS","","","","","","","","","","","","","","","","","","","","","","","","","","","","","","","","","","","","","","","","","","","","","","","","","","","","","","","","","","","","","43.2730769230769","",
"Finlandia","FIN","Demora en obtener una conexión eléctrica (días)","IC.ELC.DURS","","","","","","","","","","","","","","","","","","","","","","","","","","","","","","","","","","","","","","","","","","","","","","","","","","","","","","","","","","","","","12.4","",
"Fiji","FJI","Demora en obtener una conexión eléctrica (días)","IC.ELC.DURS","","","","","","","","","","","","","","","","","","","","","","","","","","","","","","","","","","","","","","","","","","","","","","","","","","19","","","","","","","","","","","","",
"Francia","FRA","Demora en obtener una conexión eléctrica (días)","IC.ELC.DURS","","","","","","","","","","","","","","","","","","","","","","","","","","","","","","","","","","","","","","","","","","","","","","","","","","","","","","","","","","","","","","",
"Islas Feroe","FRO","Demora en obtener una conexión eléctrica (días)","IC.ELC.DURS","","","","","","","","","","","","","","","","","","","","","","","","","","","","","","","","","","","","","","","","","","","","","","","","","","","","","","","","","","","","","","",
"Micronesia (Estados Federados de)","FSM","Demora en obtener una conexión eléctrica (días)","IC.ELC.DURS","","","","","","","","","","","","","","","","","","","","","","","","","","","","","","","","","","","","","","","","","","","","","","","","","","67.1","","","","","","","","","","","","",
"Gabón","GAB","Demora en obtener una conexión eléctrica (días)","IC.ELC.DURS","","","","","","","","","","","","","","","","","","","","","","","","","","","","","","","","","","","","","","","","","","","","","","","","","","34.5","","","","","","","","","","","","",
"Reino Unido","GBR","Demora en obtener una conexión eléctrica (días)","IC.ELC.DURS","","","","","","","","","","","","","","","","","","","","","","","","","","","","","","","","","","","","","","","","","","","","","","","","","","","","","","","","","","","","","","",
"Georgia","GEO","Demora en obtener una conexión eléctrica (días)","IC.ELC.DURS","","","","","","","","","","","","","","","","","","","","","","","","","","","","","","","","","","","","","","","","","","","","","","","","","11.4","","","","","10.9","","","","","","20.9","","",
"Ghana","GHA","Demora en obtener una conexión eléctrica (días)","IC.ELC.DURS","","","","","","","","","","","","","","","","","","","","","","","","","","","","","","","","","","","","","","","","","","","","","","","","24.4","","","","","","44.7","","","","","","","","",
"Gibraltar","GIB","Demora en obtener una conexión eléctrica (días)","IC.ELC.DURS","","","","","","","","","","","","","","","","","","","","","","","","","","","","","","","","","","","","","","","","","","","","","","","","","","","","","","","","","","","","","","",
"Guinea","GIN","Demora en obtener una conexión eléctrica (días)","IC.ELC.DURS","","","","","","","","","","","","","","","","","","","","","","","","","","","","","","","","","","","","","","","","","","","","","","","16.1","","","","","","","","","","7.4","","","","","",
"Gambia","GMB","Demora en obtener una conexión eléctrica (días)","IC.ELC.DURS","","","","","","","","","","","","","","","","","","","","","","","","","","","","","","","","","","","","","","","","","","","","","","","63.9","","","","","","","","","","","","30.1","","","",
"Guinea-Bissau","GNB","Demora en obtener una conexión eléctrica (días)","IC.ELC.DURS","","","","","","","","","","","","","","","","","","","","","","","","","","","","","","","","","","","","","","","","","","","","","","","20.5","","","","","","","","","","","","","","","",
"Guinea Ecuatorial","GNQ","Demora en obtener una conexión eléctrica (días)","IC.ELC.DURS","","","","","","","","","","","","","","","","","","","","","","","","","","","","","","","","","","","","","","","","","","","","","","","","","","","","","","","","","","","","","","",
"Grecia","GRC","Demora en obtener una conexión eléctrica (días)","IC.ELC.DURS","","","","","","","","","","","","","","","","","","","","","","","","","","","","","","","","","","","","","","","","","","","","","","7","","","","","","","","","","","","","11.6","","","",
"Granada","GRD","Demora en obtener una conexión eléctrica (días)","IC.ELC.DURS","","","","","","","","","","","","","","","","","","","","","","","","","","","","","","","","","","","","","","","","","","","","","","","","","","","22.9","","","","","","","","","","","",
"Groenlandia","GRL","Demora en obtener una conexión eléctrica (días)","IC.ELC.DURS","","","","","","","","","","","","","","","","","","","","","","","","","","","","","","","","","","","","","","","","","","","","","","","","","","","","","","","","","","","","","","",
"Guatemala","GTM","Demora en obtener una conexión eléctrica (días)","IC.ELC.DURS","","","","","","","","","","","","","","","","","","","","","","","","","","","","","","","","","","","","","","","","","","","","","","","35.3","","","","17.8","","","","","","","27.5","","","","",
"Guam","GUM","Demora en obtener una conexión eléctrica (días)","IC.ELC.DURS","","","","","","","","","","","","","","","","","","","","","","","","","","","","","","","","","","","","","","","","","","","","","","","","","","","","","","","","","","","","","","",
"Guyana","GUY","Demora en obtener una conexión eléctrica (días)","IC.ELC.DURS","","","","","","","","","","","","","","","","","","","","","","","","","","","","","","","","","","","","","","","","","","","","","","","","","","","36.9","","","","","","","","","","","",
"Ingreso alto","HIC","Demora en obtener una conexión eléctrica (días)","IC.ELC.DURS","","","","","","","","","","","","","","","","","","","","","","","","","","","","","","","","","","","","","","","","","","","","","","","","","","","","","","","","","","","","","47.504","",
"Hong Kong, Región Administrativa Especial","HKG","Demora en obtener una conexión eléctrica (días)","IC.ELC.DURS","","","","","","","","","","","","","","","","","","","","","","","","","","","","","","","","","","","","","","","","","","","","","","","","","","","","","","","","","","","","","","",
"Honduras","HND","Demora en obtener una conexión eléctrica (días)","IC.ELC.DURS","","","","","","","","","","","","","","","","","","","","","","","","","","","","","","","","","","","","","","","","","","","","","","","27.6","","","","23.3","","","","","","25.9","","","","","",
"Países pobres muy endeudados (PPME)","HPC","Demora en obtener una conexión eléctrica (días)","IC.ELC.DURS","","","","","","","","","","","","","","","","","","","","","","","","","","","","","","","","","","","","","","","","","","","","","","","","","","","","","","","","","","","","","43.2451612903226","",
"Croacia","HRV","Demora en obtener una conexión eléctrica (días)","IC.ELC.DURS","","","","","","","","","","","","","","","","","","","","","","","","","","","","","","","","","","","","","","","","","","","","","","15.2","","42.6","","","","","","42","","","","","","20.9","","",
"Haití","HTI","Demora en obtener una conexión eléctrica (días)","IC.ELC.DURS","","","","","","","","","","","","","","","","","","","","","","","","","","","","","","","","","","","","","","","","","","","","","","","","","","","","","","","","","","","","","","",
"Hungría","HUN","Demora en obtener una conexión eléctrica (días)","IC.ELC.DURS","","","","","","","","","","","","","","","","","","","","","","","","","","","","","","","","","","","","","","","","","","","9.8","","","9.8","","","","48","","","","30.8","","","","","","144.2","","",
"Sólo BIRF","IBD","Demora en obtener una conexión eléctrica (días)","IC.ELC.DURS","","","","","","","","","","","","","","","","","","","","","","","","","","","","","","","","","","","","","","","","","","","","","","","","","","","","","","","","","","","","","40.0869565217391","",
"BIRF y la AIF","IBT","Demora en obtener una conexión eléctrica (días)","IC.ELC.DURS","","","","","","","","","","","","","","","","","","","","","","","","","","","","","","","","","","","","","","","","","","","","","","","","","","","","","","","","","","","","","38.784375","",
"total de la AIF","IDA","Demora en obtener una conexión eléctrica (días)","IC.ELC.DURS","","","","","","","","","","","","","","","","","","","","","","","","","","","","","","","","","","","","","","","","","","","","","","","","","","","","","","","","","","","","","37.586","",
"mezcla de la AIF","IDB","Demora en obtener una conexión eléctrica (días)","IC.ELC.DURS","","","","","","","","","","","","","","","","","","","","","","","","","","","","","","","","","","","","","","","","","","","","","","","","","","","","","","","","","","","","","31.5444444444444","",
"Indonesia","IDN","Demora en obtener una conexión eléctrica (días)","IC.ELC.DURS","","","","","","","","","","","","","","","","","","","","","","","","","","","","","","","","","","","","","","","","","","","","","","","","","","15.5","","","","","","6","","","","","","",
"Sólo AIF","IDX","Demora en obtener una conexión eléctrica (días)","IC.ELC.DURS","","","","","","","","","","","","","","","","","","","","","","","","","","","","","","","","","","","","","","","","","","","","","","","","","","","","","","","","","","","","","38.9121951219512","",
"Isla de Man","IMN","Demora en obtener una conexión eléctrica (días)","IC.ELC.DURS","","","","","","","","","","","","","","","","","","","","","","","","","","","","","","","","","","","","","","","","","","","","","","","","","","","","","","","","","","","","","","",
"India","IND","Demora en obtener una conexión eléctrica (días)","IC.ELC.DURS","","","","","","","","","","","","","","","","","","","","","","","","","","","","","","","","","","","","","","","","","","","","","","","29.5","","","","","","","","21.9","","","","","","","",
"No clasificado","INX","Demora en obtener una conexión eléctrica (días)","IC.ELC.DURS","","","","","","","","","","","","","","","","","","","","","","","","","","","","","","","","","","","","","","","","","","","","","","","","","","","","","","","","","","","","","","",
"Irlanda","IRL","Demora en obtener una conexión eléctrica (días)","IC.ELC.DURS","","","","","","","","","","","","","","","","","","","","","","","","","","","","","","","","","","","","","","","","","","","","","","28.3","","","","","","","","","","","","","","","49.3","",
"Irán, República Islámica del","IRN","Demora en obtener una conexión eléctrica (días)","IC.ELC.DURS","","","","","","","","","","","","","","","","","","","","","","","","","","","","","","","","","","","","","","","","","","","","","","","","","","","","","","","","","","","","","","",
"Iraq","IRQ","Demora en obtener una conexión eléctrica (días)","IC.ELC.DURS","","","","","","","","","","","","","","","","","","","","","","","","","","","","","","","","","","","","","","","","","","","","","","","","","","","","19.6","","","","","","","","","","",
"Islandia","ISL","Demora en obtener una conexión eléctrica (días)","IC.ELC.DURS","","","","","","","","","","","","","","","","","","","","","","","","","","","","","","","","","","","","","","","","","","","","","","","","","","","","","","","","","","","","","","",
"Israel","ISR","Demora en obtener una conexión eléctrica (días)","IC.ELC.DURS","","","","","","","","","","","","","","","","","","","","","","","","","","","","","","","","","","","","","","","","","","","","","","","","","","","","","","55.3","","","","","","","","",
"Italia","ITA","Demora en obtener una conexión eléctrica (días)","IC.ELC.DURS","","","","","","","","","","","","","","","","","","","","","","","","","","","","","","","","","","","","","","","","","","","","","","","","","","","","","","","","","","","","10.2","","",
"Jamaica","JAM","Demora en obtener una conexión eléctrica (días)","IC.ELC.DURS","","","","","","","","","","","","","","","","","","","","","","","","","","","","","","","","","","","","","","","","","","","","","","","","","","","20.5","","","","","","","","","","","",
"Jordania","JOR","Demora en obtener una conexión eléctrica (días)","IC.ELC.DURS","","","","","","","","","","","","","","","","","","","","","","","","","","","","","","","","","","","","","","","","","","","","","","","47.1","","","","","","","13.1","","","","","","3.8","","",
"Japón","JPN","Demora en obtener una conexión eléctrica (días)","IC.ELC.DURS","","","","","","","","","","","","","","","","","","","","","","","","","","","","","","","","","","","","","","","","","","","","","","","","","","","","","","","","","","","","","","",
"Kazajstán","KAZ","Demora en obtener una conexión eléctrica (días)","IC.ELC.DURS","","","","","","","","","","","","","","","","","","","","","","","","","","","","","","","","","","","","","","","","","","","7","","","6.7","","","","47.8","","","","33.2","","","","","","18.1","","",
"Kenya","KEN","Demora en obtener una conexión eléctrica (días)","IC.ELC.DURS","","","","","","","","","","","","","","","","","","","","","","","","","","","","","","","","","","","","","","","","","","","","","","","","40.5","","","","","","43","","","","","78.9","","","",
"Kirguistán","KGZ","Demora en obtener una conexión eléctrica (días)","IC.ELC.DURS","","","","","","","","","","","","","","","","","","","","","","","","","","","","","","","","","","","","","","","","","","","3.5","22.1","","14.1","","","","25.2","","","","48.9","","","","","","24.4","","",
"Camboya","KHM","Demora en obtener una conexión eléctrica (días)","IC.ELC.DURS","","","","","","","","","","","","","","","","","","","","","","","","","","","","","","","","","","","","","","","","","","","","","","","","15.5","","","","","","9.4","","","7.9","","","","","",
"Kiribati","KIR","Demora en obtener una conexión eléctrica (días)","IC.ELC.DURS","","","","","","","","","","","","","","","","","","","","","","","","","","","","","","","","","","","","","","","","","","","","","","","","","","","","","","","","","","","","","","",
"Saint Kitts y Nevis","KNA","Demora en obtener una conexión eléctrica (días)","IC.ELC.DURS","","","","","","","","","","","","","","","","","","","","","","","","","","","","","","","","","","","","","","","","","","","","","","","","","","","15.7","","","","","","","","","","","",
"Corea, República de","KOR","Demora en obtener una conexión eléctrica (días)","IC.ELC.DURS","","","","","","","","","","","","","","","","","","","","","","","","","","","","","","","","","","","","","","","","","","","","","","3.9","","","","","","","","","","","","","","","","",
"Kuwait","KWT","Demora en obtener una conexión eléctrica (días)","IC.ELC.DURS","","","","","","","","","","","","","","","","","","","","","","","","","","","","","","","","","","","","","","","","","","","","","","","","","","","","","","","","","","","","","","",
"América Latina y el Caribe (excluido altos ingresos)","LAC","Demora en obtener una conexión eléctrica (días)","IC.ELC.DURS","","","","","","","","","","","","","","","","","","","","","","","","","","","","","","","","","","","","","","","","","","","","","","","","","","","","","","","","","","","","","54.2583333333333","",
"República Democrática Popular Lao","LAO","Demora en obtener una conexión eléctrica (días)","IC.ELC.DURS","","","","","","","","","","","","","","","","","","","","","","","","","","","","","","","","","","","","","","","","","","","","","","","","","","","","","22.7","","","","23.4","","14.7","","","",
"Líbano","LBN","Demora en obtener una conexión eléctrica (días)","IC.ELC.DURS","","","","","","","","","","","","","","","","","","","","","","","","","","","","","","","","","","","","","","","","","","","","","","","","","","117.6","","","","56","","","","","","235.9","","",
"Liberia","LBR","Demora en obtener una conexión eléctrica (días)","IC.ELC.DURS","","","","","","","","","","","","","","","","","","","","","","","","","","","","","","","","","","","","","","","","","","","","","","","","","","","","","","","","","","30.6","","","","",
"Libia","LBY","Demora en obtener una conexión eléctrica (días)","IC.ELC.DURS","","","","","","","","","","","","","","","","","","","","","","","","","","","","","","","","","","","","","","","","","","","","","","","","","","","","","","","","","","","","","","",
"Santa Lucía","LCA","Demora en obtener una conexión eléctrica (días)","IC.ELC.DURS","","","","","","","","","","","","","","","","","","","","","","","","","","","","","","","","","","","","","","","","","","","","","","","","","","","6.3","","","","","","","","","","","",
"América Latina y el Caribe","LCN","Demora en obtener una conexión eléctrica (días)","IC.ELC.DURS","","","","","","","","","","","","","","","","","","","","","","","","","","","","","","","","","","","","","","","","","","","","","","","","","","","","","","","","","","","","","50.7642857142857","",
"Países menos desarrollados: clasificación de las Naciones Unidas","LDC","Demora en obtener una conexión eléctrica (días)","IC.ELC.DURS","","","","","","","","","","","","","","","","","","","","","","","","","","","","","","","","","","","","","","","","","","","","","","","","","","","","","","","","","","","","","40.24","",
"Países de ingreso bajo","LIC","Demora en obtener una conexión eléctrica (días)","IC.ELC.DURS","","","","","","","","","","","","","","","","","","","","","","","","","","","","","","","","","","","","","","","","","","","","","","","","","","","","","","","","","","","","","41.3095238095238","",
"Liechtenstein","LIE","Demora en obtener una conexión eléctrica (días)","IC.ELC.DURS","","","","","","","","","","","","","","","","","","","","","","","","","","","","","","","","","","","","","","","","","","","","","","","","","","","","","","","","","","","","","","",
"Sri Lanka","LKA","Demora en obtener una conexión eléctrica (días)","IC.ELC.DURS","","","","","","","","","","","","","","","","","","","","","","","","","","","","","","","","","","","","","","","","","","","","","","","","","","","","42.4","","","","","","","","","","",
"Países de ingreso mediano bajo","LMC","Demora en obtener una conexión eléctrica (días)","IC.ELC.DURS","","","","","","","","","","","","","","","","","","","","","","","","","","","","","","","","","","","","","","","","","","","","","","","","","","","","","","","","","","","","","41.5880952380952","",
"Ingreso mediano y bajo","LMY","Demora en obtener una conexión eléctrica (días)","IC.ELC.DURS","","","","","","","","","","","","","","","","","","","","","","","","","","","","","","","","","","","","","","","","","","","","","","","","","","","","","","","","","","","","","40.3804347826087","",
"Lesotho","LSO","Demora en obtener una conexión eléctrica (días)","IC.ELC.DURS","","","","","","","","","","","","","","","","","","","","","","","","","","","","","","","","","","","","","","","","","","","","","","","","","","13.9","","","","","","","12.2","","","","","",
"avanzada del dividendo demográfico","LTE","Demora en obtener una conexión eléctrica (días)","IC.ELC.DURS","","","","","","","","","","","","","","","","","","","","","","","","","","","","","","","","","","","","","","","","","","","","","","","","","","","","","","","","","","","","","44.9785714285714","",
"Lituania","LTU","Demora en obtener una conexión eléctrica (días)","IC.ELC.DURS","","","","","","","","","","","","","","","","","","","","","","","","","","","","","","","","","","","","","","","","","","","5.5","","22.2","37.5","","","","63","","","","46","","","","","","41.8","","",
"Luxemburgo","LUX","Demora en obtener una conexión eléctrica (días)","IC.ELC.DURS","","","","","","","","","","","","","","","","","","","","","","","","","","","","","","","","","","","","","","","","","","","","","","","","","","","","","","","","","","","","","25.9","",
"Letonia","LVA","Demora en obtener una conexión eléctrica (días)","IC.ELC.DURS","","","","","","","","","","","","","","","","","","","","","","","","","","","","","","","","","","","","","","","","","","","5.1","","","23.5","","","","93.2","","","","8.5","","","","","","43.6","","",
"Región Administrativa Especial de Macao, China","MAC","Demora en obtener una conexión eléctrica (días)","IC.ELC.DURS","","","","","","","","","","","","","","","","","","","","","","","","","","","","","","","","","","","","","","","","","","","","","","","","","","","","","","","","","","","","","","",
"Isla de San Martín (parte francesa)","MAF","Demora en obtener una conexión eléctrica (días)","IC.ELC.DURS","","","","","","","","","","","","","","","","","","","","","","","","","","","","","","","","","","","","","","","","","","","","","","","","","","","","","","","","","","","","","","",
"Marruecos","MAR","Demora en obtener una conexión eléctrica (días)","IC.ELC.DURS","","","","","","","","","","","","","","","","","","","","","","","","","","","","","","","","","","","","","","","","","","","","","","","","18.8","","","","","","13.8","","","","","","9.8","","",
"Mónaco","MCO","Demora en obtener una conexión eléctrica (días)","IC.ELC.DURS","","","","","","","","","","","","","","","","","","","","","","","","","","","","","","","","","","","","","","","","","","","","","","","","","","","","","","","","","","","","","","",
"República de Moldova","MDA","Demora en obtener una conexión eléctrica (días)","IC.ELC.DURS","","","","","","","","","","","","","","","","","","","","","","","","","","","","","","","","","","","","","","","","","","","19.8","41.3","","30.4","","","","24.3","","","","11.8","","","","","","99.5","","",
"Madagascar","MDG","Demora en obtener una conexión eléctrica (días)","IC.ELC.DURS","","","","","","","","","","","","","","","","","","","","","","","","","","","","","","","","","","","","","","","","","","","","","","","","","","92.1","","","","24","","","","","","","","",
"Maldivas","MDV","Demora en obtener una conexión eléctrica (días)","IC.ELC.DURS","","","","","","","","","","","","","","","","","","","","","","","","","","","","","","","","","","","","","","","","","","","","","","","","","","","","","","","","","","","","","","",
"Oriente Medio y Norte de África","MEA","Demora en obtener una conexión eléctrica (días)","IC.ELC.DURS","","","","","","","","","","","","","","","","","","","","","","","","","","","","","","","","","","","","","","","","","","","","","","","","","","","","","","","","","","","","","77.3333333333333","",
"México","MEX","Demora en obtener una conexión eléctrica (días)","IC.ELC.DURS","","","","","","","","","","","","","","","","","","","","","","","","","","","","","","","","","","","","","","","","","","","","","","","8.3","","","","17.1","","","","","","","","","","","",
"Islas Marshall","MHL","Demora en obtener una conexión eléctrica (días)","IC.ELC.DURS","","","","","","","","","","","","","","","","","","","","","","","","","","","","","","","","","","","","","","","","","","","","","","","","","","","","","","","","","","","","","","",
" Ingreso mediano","MIC","Demora en obtener una conexión eléctrica (días)","IC.ELC.DURS","","","","","","","","","","","","","","","","","","","","","","","","","","","","","","","","","","","","","","","","","","","","","","","","","","","","","","","","","","","","","40.1056338028169","",
"Macedonia del Norte","MKD","Demora en obtener una conexión eléctrica (días)","IC.ELC.DURS","","","","","","","","","","","","","","","","","","","","","","","","","","","","","","","","","","","","","","","","","","","10.9","","","8.5","","","","27.6","","","","30.2","","","","","","19.9","","",
"Malí","MLI","Demora en obtener una conexión eléctrica (días)","IC.ELC.DURS","","","","","","","","","","","","","","","","","","","","","","","","","","","","","","","","","","","","","","","","","","","","","","","","48.4","","","32.9","","","","","","30.1","","","","","",
"Malta","MLT","Demora en obtener una conexión eléctrica (días)","IC.ELC.DURS","","","","","","","","","","","","","","","","","","","","","","","","","","","","","","","","","","","","","","","","","","","","","","","","","","","","","","","","","","","","79.9","","",
"Myanmar","MMR","Demora en obtener una conexión eléctrica (días)","IC.ELC.DURS","","","","","","","","","","","","","","","","","","","","","","","","","","","","","","","","","","","","","","","","","","","","","","","","","","","","","","","105.6","","36.5","","","","","",
"Oriente Medio y Norte de África (excluido altos ingresos)","MNA","Demora en obtener una conexión eléctrica (días)","IC.ELC.DURS","","","","","","","","","","","","","","","","","","","","","","","","","","","","","","","","","","","","","","","","","","","","","","","","","","","","","","","","","","","","","80.1142857142857","",
"Montenegro","MNE","Demora en obtener una conexión eléctrica (días)","IC.ELC.DURS","","","","","","","","","","","","","","","","","","","","","","","","","","","","","","","","","","","","","","","","","","","","","","","","","","30.9","","","","35.8","","","","","","49.4","","",
"Mongolia","MNG","Demora en obtener una conexión eléctrica (días)","IC.ELC.DURS","","","","","","","","","","","","","","","","","","","","","","","","","","","","","","","","","","","","","","","","","","","","","","","","","","20","","","","73.8","","","","","","17.8","","",
"Mariana","MNP","Demora en obtener una conexión eléctrica (días)","IC.ELC.DURS","","","","","","","","","","","","","","","","","","","","","","","","","","","","","","","","","","","","","","","","","","","","","","","","","","","","","","","","","","","","","","",
"Mozambique","MOZ","Demora en obtener una conexión eléctrica (días)","IC.ELC.DURS","","","","","","","","","","","","","","","","","","","","","","","","","","","","","","","","","","","","","","","","","","","","","","","","12.7","","","","","","","","","","","18.1","","","",
"Mauritania","MRT","Demora en obtener una conexión eléctrica (días)","IC.ELC.DURS","","","","","","","","","","","","","","","","","","","","","","","","","","","","","","","","","","","","","","","","","","","","","","","7.5","","","","","","","","16.1","","","","","","","",
"Mauricio","MUS","Demora en obtener una conexión eléctrica (días)","IC.ELC.DURS","","","","","","","","","","","","","","","","","","","","","","","","","","","","","","","","","","","","","","","","","","","","","","","","","","18.6","","","","","","","","","","","","",
"Malawi","MWI","Demora en obtener una conexión eléctrica (días)","IC.ELC.DURS","","","","","","","","","","","","","","","","","","","","","","","","","","","","","","","","","","","","","","","","","","","","","","","","","","59.2","","","","","50.4","","","","","","","",
"Malasia","MYS","Demora en obtener una conexión eléctrica (días)","IC.ELC.DURS","","","","","","","","","","","","","","","","","","","","","","","","","","","","","","","","","","","","","","","","","","","","","","","","10.7","","","","","","","","1.8","","","","","","",
"América del Norte","NAC","Demora en obtener una conexión eléctrica (días)","IC.ELC.DURS","","","","","","","","","","","","","","","","","","","","","","","","","","","","","","","","","","","","","","","","","","","","","","","","","","","","","","","","","","","","","","",
"Namibia","NAM","Demora en obtener una conexión eléctrica (días)","IC.ELC.DURS","","","","","","","","","","","","","","","","","","","","","","","","","","","","","","","","","","","","","","","","","","","","","","","9.2","","","","","","","","20.3","","","","","","","",
"Nueva Caledonia","NCL","Demora en obtener una conexión eléctrica (días)","IC.ELC.DURS","","","","","","","","","","","","","","","","","","","","","","","","","","","","","","","","","","","","","","","","","","","","","","","","","","","","","","","","","","","","","","",
"Níger","NER","Demora en obtener una conexión eléctrica (días)","IC.ELC.DURS","","","","","","","","","","","","","","","","","","","","","","","","","","","","","","","","","","","","","","","","","","","","","","","20.6","","","37.1","","","","","","","","28.6","","","","",
"Nigeria","NGA","Demora en obtener una conexión eléctrica (días)","IC.ELC.DURS","","","","","","","","","","","","","","","","","","","","","","","","","","","","","","","","","","","","","","","","","","","","","","","","7.5","","","","","","","9.4","","","","","","","",
"Nicaragua","NIC","Demora en obtener una conexión eléctrica (días)","IC.ELC.DURS","","","","","","","","","","","","","","","","","","","","","","","","","","","","","","","","","","","","","","","","","","","","","","","62.7","","","","24.7","","","","","","31","","","","","",
"Países Bajos","NLD","Demora en obtener una conexión eléctrica (días)","IC.ELC.DURS","","","","","","","","","","","","","","","","","","","","","","","","","","","","","","","","","","","","","","","","","","","","","","","","","","","","","","","","","","","","","59.6","",
"Noruega","NOR","Demora en obtener una conexión eléctrica (días)","IC.ELC.DURS","","","","","","","","","","","","","","","","","","","","","","","","","","","","","","","","","","","","","","","","","","","","","","","","","","","","","","","","","","","","","","",
"Nepal","NPL","Demora en obtener una conexión eléctrica (días)","IC.ELC.DURS","","","","","","","","","","","","","","","","","","","","","","","","","","","","","","","","","","","","","","","","","","","","","","","","","","8.9","","","","21.3","","","","","","","","",
"Nauru","NRU","Demora en obtener una conexión eléctrica (días)","IC.ELC.DURS","","","","","","","","","","","","","","","","","","","","","","","","","","","","","","","","","","","","","","","","","","","","","","","","","","","","","","","","","","","","","","",
"Nueva Zelandia","NZL","Demora en obtener una conexión eléctrica (días)","IC.ELC.DURS","","","","","","","","","","","","","","","","","","","","","","","","","","","","","","","","","","","","","","","","","","","","","","","","","","","","","","","","","","","","","","",
"Miembros OCDE","OED","Demora en obtener una conexión eléctrica (días)","IC.ELC.DURS","","","","","","","","","","","","","","","","","","","","","","","","","","","","","","","","","","","","","","","","","","","","","","","","","","","","","","","","","","","","","46.7409090909091","",
"Omán","OMN","Demora en obtener una conexión eléctrica (días)","IC.ELC.DURS","","","","","","","","","","","","","","","","","","","","","","","","","","","","","","","","","","","","","","","","","","","","","","","","","","","","","","","","","","","","","","",
"Otros Estados pequeos","OSS","Demora en obtener una conexión eléctrica (días)","IC.ELC.DURS","","","","","","","","","","","","","","","","","","","","","","","","","","","","","","","","","","","","","","","","","","","","","","","","","","","","","","","","","","","","","37.9272727272727","",
"Pakistán","PAK","Demora en obtener una conexión eléctrica (días)","IC.ELC.DURS","","","","","","","","","","","","","","","","","","","","","","","","","","","","","","","","","","","","","","","","","","","","","","","","106.3","","","","","","82.8","","","","","","","","",
"Panamá","PAN","Demora en obtener una conexión eléctrica (días)","IC.ELC.DURS","","","","","","","","","","","","","","","","","","","","","","","","","","","","","","","","","","","","","","","","","","","","","","","10.2","","","","1.8","","","","","","","","","","","",
"Perú","PER","Demora en obtener una conexión eléctrica (días)","IC.ELC.DURS","","","","","","","","","","","","","","","","","","","","","","","","","","","","","","","","","","","","","","","","","","","","","","","81.6","","","","33.4","","","","","","","79","","","","",
"Filipinas","PHL","Demora en obtener una conexión eléctrica (días)","IC.ELC.DURS","","","","","","","","","","","","","","","","","","","","","","","","","","","","","","","","","","","","","","","","","","","","","","","","","","23.1","","","","","","18.6","","","","","","",
"Palau","PLW","Demora en obtener una conexión eléctrica (días)","IC.ELC.DURS","","","","","","","","","","","","","","","","","","","","","","","","","","","","","","","","","","","","","","","","","","","","","","","","","","","","","","","","","","","","","","",
"Papua Nueva Guinea","PNG","Demora en obtener una conexión eléctrica (días)","IC.ELC.DURS","","","","","","","","","","","","","","","","","","","","","","","","","","","","","","","","","","","","","","","","","","","","","","","","","","","","","","","","47.1","","","","","","",
"Polonia","POL","Demora en obtener una conexión eléctrica (días)","IC.ELC.DURS","","","","","","","","","","","","","","","","","","","","","","","","","","","","","","","","","","","","","","","","","","","9.5","163.3","","9.4","","","","83","","","","66.2","","","","","","24.3","","",
"previa al dividendo demográfico","PRE","Demora en obtener una conexión eléctrica (días)","IC.ELC.DURS","","","","","","","","","","","","","","","","","","","","","","","","","","","","","","","","","","","","","","","","","","","","","","","","","","","","","","","","","","","","","37.0366666666667","",
"Puerto Rico","PRI","Demora en obtener una conexión eléctrica (días)","IC.ELC.DURS","","","","","","","","","","","","","","","","","","","","","","","","","","","","","","","","","","","","","","","","","","","","","","","","","","","","","","","","","","","","","","",
"Corea, República Popular Democrática de","PRK","Demora en obtener una conexión eléctrica (días)","IC.ELC.DURS","","","","","","","","","","","","","","","","","","","","","","","","","","","","","","","","","","","","","","","","","","","","","","","","","","","","","","","","","","","","","","",
"Portugal","PRT","Demora en obtener una conexión eléctrica (días)","IC.ELC.DURS","","","","","","","","","","","","","","","","","","","","","","","","","","","","","","","","","","","","","","","","","","","","","","5.7","","","","","","","","","","","","","","10.4","","",
"Paraguay","PRY","Demora en obtener una conexión eléctrica (días)","IC.ELC.DURS","","","","","","","","","","","","","","","","","","","","","","","","","","","","","","","","","","","","","","","","","","","","","","","27.2","","","","23.2","","","","","","","12.1","","","","",
"Ribera Occidental y Gaza","PSE","Demora en obtener una conexión eléctrica (días)","IC.ELC.DURS","","","","","","","","","","","","","","","","","","","","","","","","","","","","","","","","","","","","","","","","","","","","","","","37.1","","","","","","","34.9","","","","","","129.3","","",
"Estados pequeos de las Islas del Pacfico","PSS","Demora en obtener una conexión eléctrica (días)","IC.ELC.DURS","","","","","","","","","","","","","","","","","","","","","","","","","","","","","","","","","","","","","","","","","","","","","","","","","","","","","","","","","","","","","12","",
"posterior al dividendo demográfico","PST","Demora en obtener una conexión eléctrica (días)","IC.ELC.DURS","","","","","","","","","","","","","","","","","","","","","","","","","","","","","","","","","","","","","","","","","","","","","","","","","","","","","","","","","","","","","47.44","",
"Polinesia Francesa","PYF","Demora en obtener una conexión eléctrica (días)","IC.ELC.DURS","","","","","","","","","","","","","","","","","","","","","","","","","","","","","","","","","","","","","","","","","","","","","","","","","","","","","","","","","","","","","","",
"Qatar","QAT","Demora en obtener una conexión eléctrica (días)","IC.ELC.DURS","","","","","","","","","","","","","","","","","","","","","","","","","","","","","","","","","","","","","","","","","","","","","","","","","","","","","","","","","","","","","","",
"Rumania","ROU","Demora en obtener una conexión eléctrica (días)","IC.ELC.DURS","","","","","","","","","","","","","","","","","","","","","","","","","","","","","","","","","","","","","","","","","","","18.5","","","23.6","","","","42","","","","50.9","","","","","","32.8","","",
"Federación de Rusia","RUS","Demora en obtener una conexión eléctrica (días)","IC.ELC.DURS","","","","","","","","","","","","","","","","","","","","","","","","","","","","","","","","","","","","","","","","","","","8.5","","","18.2","","","","57.5","","","120.4","","","","","","","8.1","","",
"Rwanda","RWA","Demora en obtener una conexión eléctrica (días)","IC.ELC.DURS","","","","","","","","","","","","","","","","","","","","","","","","","","","","","","","","","","","","","","","","","","","","","","","18.2","","","","","31.4","","","","","","","","30.7","","",
"Asia meridional","SAS","Demora en obtener una conexión eléctrica (días)","IC.ELC.DURS","","","","","","","","","","","","","","","","","","","","","","","","","","","","","","","","","","","","","","","","","","","","","","","","","","","","","","","","","","","","","55.1","",
"Arabia Saudita","SAU","Demora en obtener una conexión eléctrica (días)","IC.ELC.DURS","","","","","","","","","","","","","","","","","","","","","","","","","","","","","","","","","","","","","","","","","","","","","","","","","","","","","","","","","","","","","","",
"Sudán","SDN","Demora en obtener una conexión eléctrica (días)","IC.ELC.DURS","","","","","","","","","","","","","","","","","","","","","","","","","","","","","","","","","","","","","","","","","","","","","","","","","","","","","","","5.8","","","","","","","",
"Senegal","SEN","Demora en obtener una conexión eléctrica (días)","IC.ELC.DURS","","","","","","","","","","","","","","","","","","","","","","","","","","","","","","","","","","","","","","","","","","","","","","","","9.4","","","","","","","24.8","","","","","","","",
"Singapur","SGP","Demora en obtener una conexión eléctrica (días)","IC.ELC.DURS","","","","","","","","","","","","","","","","","","","","","","","","","","","","","","","","","","","","","","","","","","","","","","","","","","","","","","","","","","","","","","",
"Islas Salomón","SLB","Demora en obtener una conexión eléctrica (días)","IC.ELC.DURS","","","","","","","","","","","","","","","","","","","","","","","","","","","","","","","","","","","","","","","","","","","","","","","","","","","","","","","","12","","","","","","",
"Sierra Leona","SLE","Demora en obtener una conexión eléctrica (días)","IC.ELC.DURS","","","","","","","","","","","","","","","","","","","","","","","","","","","","","","","","","","","","","","","","","","","","","","","","","","14.8","","","","","","","","22","","","","",
"El Salvador","SLV","Demora en obtener una conexión eléctrica (días)","IC.ELC.DURS","","","","","","","","","","","","","","","","","","","","","","","","","","","","","","","","","","","","","","","","","","","","","","","22.1","","","","28.6","","","","","","35.4","","","","","",
"San Marino","SMR","Demora en obtener una conexión eléctrica (días)","IC.ELC.DURS","","","","","","","","","","","","","","","","","","","","","","","","","","","","","","","","","","","","","","","","","","","","","","","","","","","","","","","","","","","","","","",
"Somalia","SOM","Demora en obtener una conexión eléctrica (días)","IC.ELC.DURS","","","","","","","","","","","","","","","","","","","","","","","","","","","","","","","","","","","","","","","","","","","","","","","","","","","","","","","","","","","","","","",
"Serbia","SRB","Demora en obtener una conexión eléctrica (días)","IC.ELC.DURS","","","","","","","","","","","","","","","","","","","","","","","","","","","","","","","","","","","","","","","","","","","9.8","","","17.7","","","","109.5","","","","64.3","","","","","","113.6","","",
"África al sur del Sahara (excluido altos ingresos)","SSA","Demora en obtener una conexión eléctrica (días)","IC.ELC.DURS","","","","","","","","","","","","","","","","","","","","","","","","","","","","","","","","","","","","","","","","","","","","","","","","","","","","","","","","","","","","","37.6657142857143","",
"Sudán del Sur","SSD","Demora en obtener una conexión eléctrica (días)","IC.ELC.DURS","","","","","","","","","","","","","","","","","","","","","","","","","","","","","","","","","","","","","","","","","","","","","","","","","","","","","","","9.7","","","","","","","",
"África al sur del Sahara","SSF","Demora en obtener una conexión eléctrica (días)","IC.ELC.DURS","","","","","","","","","","","","","","","","","","","","","","","","","","","","","","","","","","","","","","","","","","","","","","","","","","","","","","","","","","","","","37.6657142857143","",
"Pequeños Estados","SST","Demora en obtener una conexión eléctrica (días)","IC.ELC.DURS","","","","","","","","","","","","","","","","","","","","","","","","","","","","","","","","","","","","","","","","","","","","","","","","","","","","","","","","","","","","","53.1923076923077","",
"Santo Tomé y Príncipe","STP","Demora en obtener una conexión eléctrica (días)","IC.ELC.DURS","","","","","","","","","","","","","","","","","","","","","","","","","","","","","","","","","","","","","","","","","","","","","","","","","","","","","","","","","","","","","","",
"Suriname","SUR","Demora en obtener una conexión eléctrica (días)","IC.ELC.DURS","","","","","","","","","","","","","","","","","","","","","","","","","","","","","","","","","","","","","","","","","","","","","","","","","","","44.4","","","","","","","","262.3","","","",
"República Eslovaca","SVK","Demora en obtener una conexión eléctrica (días)","IC.ELC.DURS","","","","","","","","","","","","","","","","","","","","","","","","","","","","","","","","","","","","","","","","","","","18.9","","","7.4","","","","25","","","","39.1","","","","","","21.5","","",
"Eslovenia","SVN","Demora en obtener una conexión eléctrica (días)","IC.ELC.DURS","","","","","","","","","","","","","","","","","","","","","","","","","","","","","","","","","","","","","","","","","","","9.6","","","12.7","","","","60.8","","","","53.3","","","","","","56.9","","",
"Suecia","SWE","Demora en obtener una conexión eléctrica (días)","IC.ELC.DURS","","","","","","","","","","","","","","","","","","","","","","","","","","","","","","","","","","","","","","","","","","","","","","","","","","","","","","","24.3","","","","","","17.5","",
"Eswatini","SWZ","Demora en obtener una conexión eléctrica (días)","IC.ELC.DURS","","","","","","","","","","","","","","","","","","","","","","","","","","","","","","","","","","","","","","","","","","","","","","","16.9","","","","","","","","","","11.3","","","","","",
"Sint Maarten (Dutch part)","SXM","Demora en obtener una conexión eléctrica (días)","IC.ELC.DURS","","","","","","","","","","","","","","","","","","","","","","","","","","","","","","","","","","","","","","","","","","","","","","","","","","","","","","","","","","","","","","",
"Seychelles","SYC","Demora en obtener una conexión eléctrica (días)","IC.ELC.DURS","","","","","","","","","","","","","","","","","","","","","","","","","","","","","","","","","","","","","","","","","","","","","","","","","","","","","","","","","","","","","","",
"República Árabe Siria","SYR","Demora en obtener una conexión eléctrica (días)","IC.ELC.DURS","","","","","","","","","","","","","","","","","","","","","","","","","","","","","","","","","","","","","","","","","","","","","","","","","","118.4","","","","","","","","","","","","",
"Islas Turcas y Caicos","TCA","Demora en obtener una conexión eléctrica (días)","IC.ELC.DURS","","","","","","","","","","","","","","","","","","","","","","","","","","","","","","","","","","","","","","","","","","","","","","","","","","","","","","","","","","","","","","",
"Chad","TCD","Demora en obtener una conexión eléctrica (días)","IC.ELC.DURS","","","","","","","","","","","","","","","","","","","","","","","","","","","","","","","","","","","","","","","","","","","","","","","","","","10.6","","","","","","","","","69.6","","","",
"Asia oriental y el Pacífico (BIRF y la AIF)","TEA","Demora en obtener una conexión eléctrica (días)","IC.ELC.DURS","","","","","","","","","","","","","","","","","","","","","","","","","","","","","","","","","","","","","","","","","","","","","","","","","","","","","","","","","","","","","16.4416666666667","",
"Europa y Asia central (BIRF y la AIF)","TEC","Demora en obtener una conexión eléctrica (días)","IC.ELC.DURS","","","","","","","","","","","","","","","","","","","","","","","","","","","","","","","","","","","","","","","","","","","","","","","","","","","","","","","","","","","","","30.9","",
"Togo","TGO","Demora en obtener una conexión eléctrica (días)","IC.ELC.DURS","","","","","","","","","","","","","","","","","","","","","","","","","","","","","","","","","","","","","","","","","","","","","","","","","","53.9","","","","","","","71.9","","","","","",
"Tailandia","THA","Demora en obtener una conexión eléctrica (días)","IC.ELC.DURS","","","","","","","","","","","","","","","","","","","","","","","","","","","","","","","","","","","","","","","","","","","","","","","27.9","","","","","","","","","","","","","","","",
"Tayikistán","TJK","Demora en obtener una conexión eléctrica (días)","IC.ELC.DURS","","","","","","","","","","","","","","","","","","","","","","","","","","","","","","","","","","","","","","","","","","","12.5","11.6","","5.3","","","28.3","","","","","18.2","","","","","","8.9","","",
"Turkmenistán","TKM","Demora en obtener una conexión eléctrica (días)","IC.ELC.DURS","","","","","","","","","","","","","","","","","","","","","","","","","","","","","","","","","","","","","","","","","","","","","","","","","","","","","","","","","","","","","","",
"América Latina y el Caribe (BIRF y la AIF)","TLA","Demora en obtener una conexión eléctrica (días)","IC.ELC.DURS","","","","","","","","","","","","","","","","","","","","","","","","","","","","","","","","","","","","","","","","","","","","","","","","","","","","","","","","","","","","","50.7642857142857","",
"Timor-Leste","TLS","Demora en obtener una conexión eléctrica (días)","IC.ELC.DURS","","","","","","","","","","","","","","","","","","","","","","","","","","","","","","","","","","","","","","","","","","","","","","","","","","9.1","","","","","","9.5","","","","","","",
"Oriente Medio y Norte de África (BIRF y la AIF)","TMN","Demora en obtener una conexión eléctrica (días)","IC.ELC.DURS","","","","","","","","","","","","","","","","","","","","","","","","","","","","","","","","","","","","","","","","","","","","","","","","","","","","","","","","","","","","","71.9166666666667","",
"Tonga","TON","Demora en obtener una conexión eléctrica (días)","IC.ELC.DURS","","","","","","","","","","","","","","","","","","","","","","","","","","","","","","","","","","","","","","","","","","","","","","","","","","8.3","","","","","","","","","","","","",
"Asia meridional (BIRF y la AIF)","TSA","Demora en obtener una conexión eléctrica (días)","IC.ELC.DURS","","","","","","","","","","","","","","","","","","","","","","","","","","","","","","","","","","","","","","","","","","","","","","","","","","","","","","","","","","","","","55.1","",
"África al sur del Sahara (BIRF y la AIF)","TSS","Demora en obtener una conexión eléctrica (días)","IC.ELC.DURS","","","","","","","","","","","","","","","","","","","","","","","","","","","","","","","","","","","","","","","","","","","","","","","","","","","","","","","","","","","","","37.6657142857143","",
"Trinidad y Tobago","TTO","Demora en obtener una conexión eléctrica (días)","IC.ELC.DURS","","","","","","","","","","","","","","","","","","","","","","","","","","","","","","","","","","","","","","","","","","","","","","","","","","","18.8","","","","","","","","","","","",
"Túnez","TUN","Demora en obtener una conexión eléctrica (días)","IC.ELC.DURS","","","","","","","","","","","","","","","","","","","","","","","","","","","","","","","","","","","","","","","","","","","","","","","","","","","","","","","","","","","","","128.3","",
"Turquía","TUR","Demora en obtener una conexión eléctrica (días)","IC.ELC.DURS","","","","","","","","","","","","","","","","","","","","","","","","","","","","","","","","","","","","","","","","","","","2.7","","6.4","11.1","","","7.4","","","","","7.1","","","","","","6.9","","",
"Tuvalu","TUV","Demora en obtener una conexión eléctrica (días)","IC.ELC.DURS","","","","","","","","","","","","","","","","","","","","","","","","","","","","","","","","","","","","","","","","","","","","","","","","","","","","","","","","","","","","","","",
"Tanzanía","TZA","Demora en obtener una conexión eléctrica (días)","IC.ELC.DURS","","","","","","","","","","","","","","","","","","","","","","","","","","","","","","","","","","","","","","","","","","","","","","","44.3","","","","","","","52.6","","","","","","","","",
"Uganda","UGA","Demora en obtener una conexión eléctrica (días)","IC.ELC.DURS","","","","","","","","","","","","","","","","","","","","","","","","","","","","","","","","","","","","","","","","","","","","","","","33","","","","","","","18.1","","","","","","","","",
"Ucrania","UKR","Demora en obtener una conexión eléctrica (días)","IC.ELC.DURS","","","","","","","","","","","","","","","","","","","","","","","","","","","","","","","","","","","","","","","","","","","23.9","","","33.5","","","47.8","","","","","8.4","","","","","","51.5","","",
"Ingreso mediano alto","UMC","Demora en obtener una conexión eléctrica (días)","IC.ELC.DURS","","","","","","","","","","","","","","","","","","","","","","","","","","","","","","","","","","","","","","","","","","","","","","","","","","","","","","","","","","","","","37.9586206896552","",
"Uruguay","URY","Demora en obtener una conexión eléctrica (días)","IC.ELC.DURS","","","","","","","","","","","","","","","","","","","","","","","","","","","","","","","","","","","","","","","","","","","","","","","38.6","","","","15.5","","","","","","","34.2","","","","",
"Estados Unidos","USA","Demora en obtener una conexión eléctrica (días)","IC.ELC.DURS","","","","","","","","","","","","","","","","","","","","","","","","","","","","","","","","","","","","","","","","","","","","","","","","","","","","","","","","","","","","","","",
"Uzbekistán","UZB","Demora en obtener una conexión eléctrica (días)","IC.ELC.DURS","","","","","","","","","","","","","","","","","","","","","","","","","","","","","","","","","","","","","","","","","","","7.7","","","8.3","","","28","","","","","6","","","","","","9.3","","",
"San Vicente y las Granadinas","VCT","Demora en obtener una conexión eléctrica (días)","IC.ELC.DURS","","","","","","","","","","","","","","","","","","","","","","","","","","","","","","","","","","","","","","","","","","","","","","","","","","","9.2","","","","","","","","","","","",
"Venezuela","VEN","Demora en obtener una conexión eléctrica (días)","IC.ELC.DURS","","","","","","","","","","","","","","","","","","","","","","","","","","","","","","","","","","","","","","","","","","","","","","","25.4","","","","13.9","","","","","","","","","","","",
"Islas Vírgenes Británicas","VGB","Demora en obtener una conexión eléctrica (días)","IC.ELC.DURS","","","","","","","","","","","","","","","","","","","","","","","","","","","","","","","","","","","","","","","","","","","","","","","","","","","","","","","","","","","","","","",
"Islas Vírgenes (EE.UU.)","VIR","Demora en obtener una conexión eléctrica (días)","IC.ELC.DURS","","","","","","","","","","","","","","","","","","","","","","","","","","","","","","","","","","","","","","","","","","","","","","","","","","","","","","","","","","","","","","",
"Viet Nam","VNM","Demora en obtener una conexión eléctrica (días)","IC.ELC.DURS","","","","","","","","","","","","","","","","","","","","","","","","","","","","","","","","","","","","","","","","","","","","","","","","","","29.6","","","","","","18.5","","","","","","",
"Vanuatu","VUT","Demora en obtener una conexión eléctrica (días)","IC.ELC.DURS","","","","","","","","","","","","","","","","","","","","","","","","","","","","","","","","","","","","","","","","","","","","","","","","","","15.3","","","","","","","","","","","","",
"Mundo","WLD","Demora en obtener una conexión eléctrica (días)","IC.ELC.DURS","","","","","","","","","","","","","","","","","","","","","","","","","","","","","","","","","","","","","","","","","","","","","","","","","","","","","","","","","","","","","41.7627118644068","",
"Samoa","WSM","Demora en obtener una conexión eléctrica (días)","IC.ELC.DURS","","","","","","","","","","","","","","","","","","","","","","","","","","","","","","","","","","","","","","","","","","","","","","","","","","9.8","","","","","","","","","","","","",
"Kosovo","XKX","Demora en obtener una conexión eléctrica (días)","IC.ELC.DURS","","","","","","","","","","","","","","","","","","","","","","","","","","","","","","","","","","","","","","","","","","","","","","","","","","76.9","","","","69.8","","","","","","21.8","","",
"Yemen, Rep. del","YEM","Demora en obtener una conexión eléctrica (días)","IC.ELC.DURS","","","","","","","","","","","","","","","","","","","","","","","","","","","","","","","","","","","","","","","","","","","","","","","","","","","68.2","","","","","","","","","","","",
"Sudáfrica","ZAF","Demora en obtener una conexión eléctrica (días)","IC.ELC.DURS","","","","","","","","","","","","","","","","","","","","","","","","","","","","","","","","","","","","","","","","","","","","","","","","15.8","","","","","","","","","","","","","11.9","",
"Zambia","ZMB","Demora en obtener una conexión eléctrica (días)","IC.ELC.DURS","","","","","","","","","","","","","","","","","","","","","","","","","","","","","","","","","","","","","","","","","","","","","","","","97","","","","","","20.5","","","","","","61.7","","",
"Zimbabwe","ZWE","Demora en obtener una conexión eléctrica (días)","IC.ELC.DURS","","","","","","","","","","","","","","","","","","","","","","","","","","","","","","","","","","","","","","","","","","","","","","","","","","","","30","","","","","22.2","","","","","",
